inclinacion_grados,humedad_suelo_pct,densidad_tha,velocidad_kmh,consumo_lh
7.49,41.11,78.32,6.04,19.142
19.01,62.51,77.29,6.78,25.255
14.64,82.38,123.44,3.5,26.229
11.97,73.93,77.47,5.75,22.509
3.12,78.39,79.04,5.43,18.94
3.12,69.53,113.16,7.0,21.538
1.16,71.54,91.48,7.44,20.89
17.32,80.95,114.37,2.07,29.0
12.02,44.98,64.58,6.04,19.19
14.16,59.37,94.13,2.31,26.111
0.41,43.27,62.35,5.29,14.852
19.4,89.26,64.39,3.73,26.035
16.65,86.64,123.45,3.84,26.618
4.25,32.37,69.75,4.12,16.398
3.64,72.33,97.27,5.73,18.966
3.67,85.51,88.78,4.0,21.394
6.08,40.83,84.31,6.4,17.758
10.5,64.08,122.99,4.43,21.99
8.64,84.93,61.53,2.41,23.646
5.82,32.04,106.47,6.7,18.722
12.24,71.85,127.44,3.71,25.383
2.79,47.84,99.21,4.6,17.922
5.84,85.46,125.58,6.11,23.934
7.33,88.26,63.66,3.99,21.786
9.12,86.66,89.32,2.34,25.537
15.7,58.45,78.21,4.24,21.91
3.99,81.72,111.16,7.67,24.385
10.28,80.67,128.69,5.85,25.237
11.85,49.15,77.96,6.03,19.449
0.93,79.73,105.79,5.79,20.518
12.15,32.22,73.87,3.19,20.584
3.41,65.78,99.57,4.51,20.508
1.3,43.8,92.48,6.51,17.365
18.98,37.23,128.04,2.61,26.579
19.31,34.62,102.6,3.67,24.351
16.17,71.78,84.47,3.66,24.008
6.09,50.39,67.99,4.59,16.529
1.95,73.49,70.59,7.88,21.278
13.68,33.92,75.77,2.41,23.073
8.8,48.92,77.57,5.11,17.356
2.44,62.37,119.54,3.08,21.07
9.9,77.44,99.29,7.82,27.012
0.69,49.13,96.64,2.68,19.867
18.19,67.55,68.03,4.42,23.59
5.18,83.16,120.21,6.43,23.201
13.25,66.95,110.6,6.23,24.766
6.23,43.98,64.74,4.54,16.359
10.4,31.46,109.55,4.08,18.974
10.93,82.21,98.05,4.39,22.714
3.7,31.28,65.72,3.59,16.807
19.39,82.48,92.08,3.23,28.248
15.5,61.74,93.93,4.9,23.007
18.79,86.34,71.6,3.61,27.113
17.9,77.93,126.2,3.72,26.368
11.96,89.88,119.5,5.94,26.597
18.44,51.04,106.83,7.81,28.618
1.77,76.03,92.36,5.62,19.754
3.92,54.12,88.82,2.46,22.712
0.9,58.79,105.57,2.45,20.346
6.51,67.65,98.18,7.71,23.931
7.77,82.42,64.36,3.78,20.872
5.43,89.05,95.88,2.55,25.316
16.57,76.1,116.45,5.59,24.727
7.14,55.07,92.15,5.74,20.04
5.62,55.28,63.64,5.89,18.971
10.85,74.25,115.04,3.6,24.574
2.82,44.33,74.1,2.09,21.056
16.04,36.63,78.1,7.79,23.541
1.49,51.28,71.53,3.51,16.837
19.74,47.23,83.12,6.06,23.814
15.44,47.78,112.97,6.24,23.556
3.97,44.02,96.36,5.66,17.656
0.11,32.53,74.34,3.88,14.848
16.31,31.07,121.45,3.63,20.881
14.14,89.26,121.57,5.59,25.217
14.58,55.67,120.94,7.2,26.898
15.43,53.06,76.72,7.68,24.241
1.48,70.78,91.59,2.64,21.699
7.17,43.1,128.95,2.93,22.771
2.32,87.0,114.04,7.67,23.975
17.26,77.18,61.9,6.42,24.667
12.47,35.36,64.56,7.3,21.727
6.62,55.05,92.48,3.22,20.805
1.27,82.75,123.65,5.53,22.773
6.22,86.68,97.71,6.21,21.323
6.5,58.04,94.85,6.08,20.729
14.59,66.8,67.38,4.45,21.812
12.75,40.02,105.97,2.09,25.512
17.74,89.47,117.55,5.5,27.413
9.44,43.9,86.63,3.52,19.51
2.39,86.56,114.29,4.7,21.15
14.26,68.98,127.51,7.75,27.097
15.22,66.46,74.26,4.39,22.851
11.23,60.76,96.63,7.04,23.743
15.42,43.84,80.1,3.13,22.853
9.88,40.59,115.5,6.03,21.16
10.45,43.23,100.43,7.86,24.401
8.55,41.19,104.42,2.61,22.254
0.51,76.78,115.85,2.05,23.744
2.16,51.01,87.72,4.6,16.637
0.63,33.47,124.06,2.56,20.786
12.73,88.15,97.31,6.49,26.416
6.29,83.03,71.06,7.49,23.588
10.17,85.67,108.71,4.6,23.611
18.15,89.69,115.53,3.55,27.578
4.99,40.43,82.17,4.61,17.823
8.21,53.77,120.0,6.34,22.027
15.11,75.49,123.43,2.05,29.0
4.58,71.76,79.38,5.54,18.711
1.54,39.23,128.85,5.68,17.577
5.8,78.95,69.85,5.83,20.333
3.22,43.47,74.14,3.45,18.039
18.59,43.43,72.9,6.28,21.943
16.16,62.22,122.58,2.55,26.795
12.67,65.58,105.8,3.2,24.936
17.43,64.81,70.65,7.26,26.022
16.07,35.49,90.82,6.43,20.853
3.73,82.65,103.07,2.08,26.305
17.85,45.94,65.84,3.49,22.97
10.79,37.77,121.77,3.29,21.84
16.15,83.32,116.25,3.62,26.863
17.92,87.34,95.36,3.49,27.598
6.36,81.73,127.7,2.38,25.724
2.2,78.57,89.24,4.75,19.306
4.56,69.31,128.89,6.4,20.512
8.54,63.05,106.75,5.64,21.769
16.36,35.22,104.43,6.04,20.474
17.21,54.51,71.62,2.49,26.237
0.14,52.36,121.73,7.71,21.648
10.21,45.59,89.92,7.03,21.462
8.35,73.41,71.36,6.83,21.714
4.44,59.75,60.88,6.94,19.29
2.4,34.86,99.18,7.6,21.037
6.75,43.21,96.92,5.27,16.597
18.86,71.0,110.35,3.2,28.031
6.46,34.57,122.32,5.7,19.025
10.38,81.07,65.56,6.46,21.772
14.06,59.71,111.2,6.43,23.071
7.27,58.84,73.12,5.13,19.984
19.44,65.54,120.07,2.41,28.46
19.25,79.48,117.33,4.23,26.096
5.04,50.87,97.86,7.52,22.697
9.94,70.68,109.72,5.51,22.555
6.02,63.94,82.0,5.23,18.518
5.7,46.02,92.98,3.61,19.238
0.74,82.72,117.51,4.21,19.797
12.19,77.85,92.15,7.37,26.752
10.05,69.51,85.05,6.0,22.42
1.03,81.03,94.59,6.72,21.241
5.57,82.04,117.98,4.73,22.184
18.17,72.5,83.46,5.78,25.748
4.79,80.22,72.16,3.49,20.882
2.9,71.85,109.84,6.23,19.81
9.79,70.81,117.82,4.57,22.876
19.71,67.12,67.04,4.66,25.084
4.84,75.16,76.79,5.9,19.159
13.44,39.52,69.94,7.62,22.572
15.23,82.85,84.36,2.38,28.171
4.75,82.31,91.52,6.95,22.607
14.56,31.75,112.42,3.75,20.585
7.36,79.55,105.58,4.66,22.682
12.65,37.73,103.46,2.13,26.136
12.67,50.11,84.67,3.81,21.248
10.72,74.61,118.9,5.02,22.519
1.81,39.65,92.99,2.34,19.086
16.71,79.08,128.54,4.95,26.253
6.42,79.93,104.39,7.56,25.864
3.73,60.45,68.84,2.63,20.973
0.82,30.38,107.33,6.59,17.208
11.82,47.22,82.76,4.46,19.468
13.55,67.02,108.04,5.93,22.763
0.33,88.87,64.87,3.56,20.105
10.24,67.91,72.24,2.96,23.481
4.53,45.59,119.9,2.96,19.891
12.9,68.04,75.9,2.42,26.396
3.49,62.4,118.59,3.11,21.976
13.82,76.79,79.55,5.99,24.385
7.73,36.42,105.0,7.29,20.324
18.73,75.66,108.59,6.88,26.679
2.75,62.48,95.89,6.11,19.037
6.82,87.78,81.37,2.66,24.704
2.27,50.51,74.89,3.74,18.671
18.49,67.96,62.32,3.86,24.235
17.55,85.92,81.28,3.5,26.184
5.16,36.15,105.72,5.09,16.857
13.2,86.23,125.68,5.21,26.215
16.34,71.27,120.98,4.14,24.656
11.1,34.07,113.62,4.12,21.151
10.59,48.06,115.19,6.97,22.625
4.84,72.49,106.55,6.74,23.174
1.86,34.04,78.22,3.85,16.473
17.94,64.93,123.5,7.48,28.294
18.01,50.75,106.95,7.72,26.737
12.66,67.25,99.23,3.96,22.766
6.78,32.74,67.77,4.13,17.007
6.98,82.29,91.29,5.03,21.409
14.52,88.41,92.23,7.65,28.106
17.94,88.13,120.52,7.26,29.0
17.74,74.98,98.27,2.62,28.034
15.6,37.81,86.63,4.36,18.995
12.84,75.5,128.38,5.32,24.739
1.68,31.48,67.75,5.02,13.909
3.23,31.33,89.58,3.16,16.987
17.97,49.42,62.94,7.15,22.512
12.13,59.32,111.79,6.06,21.4
0.18,76.22,124.27,7.03,21.065
2.03,71.0,79.6,7.15,20.273
13.27,56.75,120.08,6.49,25.117
0.1,46.42,80.46,4.64,15.438
3.22,89.83,123.75,5.66,22.243
10.97,55.57,112.78,2.96,23.926
13.84,57.08,116.34,6.04,23.288
13.04,39.82,61.26,3.08,20.59
4.49,77.69,127.4,6.16,21.435
14.24,71.62,110.87,3.38,26.278
4.74,43.25,81.33,2.71,21.192
6.51,34.94,118.06,2.99,19.433
14.93,70.83,79.71,2.01,26.932
12.99,69.27,121.09,6.31,24.328
16.98,46.4,67.88,6.39,21.133
13.15,87.05,109.26,5.09,25.085
11.37,39.06,97.85,2.97,21.231
1.87,55.94,66.76,2.5,21.445
7.35,86.62,76.93,2.11,26.682
5.3,55.18,60.87,2.99,19.712
4.88,68.31,92.81,7.35,23.279
19.46,53.86,81.09,3.45,24.876
7.86,46.45,101.89,4.13,19.152
17.84,89.04,80.81,2.63,28.007
12.62,54.56,80.99,3.33,22.136
15.9,83.65,112.02,5.12,26.145
10.05,43.8,63.37,5.65,18.402
11.54,42.79,123.2,3.47,21.041
9.85,31.87,119.66,2.35,22.559
3.9,69.1,106.75,4.35,19.999
14.45,52.11,101.53,3.41,23.114
5.62,81.86,122.46,3.32,25.008
0.49,58.39,72.97,7.76,19.68
12.91,88.09,65.53,5.7,23.602
3.54,41.13,76.77,5.34,17.399
18.81,82.12,115.62,4.49,28.325
19.08,76.6,62.43,4.57,23.862
18.3,76.26,100.8,5.25,25.647
7.4,80.69,129.68,6.18,24.072
0.31,75.66,119.9,6.21,20.526
18.57,67.57,96.5,3.03,26.446
8.56,37.87,64.45,5.0,17.446
19.33,31.95,118.2,4.47,20.536
19.27,85.25,101.93,7.22,29.0
17.06,67.0,68.05,5.79,23.097
5.89,77.79,66.57,5.2,19.469
7.7,58.89,123.67,2.69,25.336
17.02,37.04,106.84,5.63,21.197
6.34,37.51,118.05,2.7,21.167
3.39,71.13,121.53,4.02,22.305
11.14,55.82,100.02,2.86,22.87
18.72,42.03,96.22,6.15,22.376
13.92,59.5,90.13,3.24,23.399
11.4,33.85,82.19,4.35,19.225
1.94,64.92,90.42,7.37,21.401
12.3,46.14,114.17,3.23,21.865
19.8,77.85,102.13,5.05,25.639
2.8,48.62,122.48,4.52,18.17
10.37,57.31,91.04,2.11,24.98
17.55,30.7,102.5,6.76,22.849
14.82,34.35,104.19,2.41,24.371
13.94,53.55,101.42,4.85,20.493
14.05,58.8,109.18,5.36,23.355
7.19,66.0,76.62,5.77,20.006
5.87,47.5,95.87,6.13,19.994
16.19,71.7,67.3,3.52,24.279
16.2,81.61,86.92,2.06,29.0
17.34,76.79,94.14,6.34,26.027
18.26,32.38,105.66,5.21,22.328
10.23,58.83,126.54,7.02,24.541
10.03,36.3,102.05,6.93,20.953
15.97,44.52,112.05,7.06,25.927
13.0,89.2,95.44,4.91,24.934
14.04,38.55,104.39,4.0,21.489
15.92,59.93,64.97,6.75,22.294
17.8,67.09,77.81,4.71,22.467
6.76,72.15,85.33,3.1,22.394
7.51,63.58,93.07,7.13,22.669
1.88,30.59,63.2,7.3,16.873
11.57,49.59,69.8,4.8,19.444
0.72,61.06,79.38,2.45,21.677
9.31,35.27,128.01,4.33,20.437
10.85,51.04,83.19,6.82,20.774
5.73,31.99,93.74,7.41,20.055
11.82,34.71,73.73,3.22,19.449
0.61,53.82,102.75,2.4,20.791
0.75,37.96,79.65,7.26,17.8
16.45,64.05,74.49,4.34,22.352
7.2,71.37,96.16,5.25,19.886
2.54,78.04,60.39,7.81,22.426
10.44,42.01,60.54,2.4,21.263
15.4,40.05,75.33,5.89,18.331
4.32,36.27,62.57,2.44,20.617
12.46,68.19,67.56,4.25,22.223
1.71,72.39,83.72,6.82,19.944
1.03,31.9,116.18,4.6,16.463
10.63,86.17,100.04,7.98,27.43
10.81,33.12,95.89,5.35,19.961
12.75,62.48,80.54,3.93,23.235
14.52,72.54,125.22,3.32,26.23
19.52,82.26,87.79,4.1,26.91
10.33,72.85,66.1,4.24,21.195
6.46,78.1,103.19,2.41,24.046
15.9,50.37,67.97,4.22,20.799
5.42,78.89,84.17,4.79,20.345
8.78,34.81,95.52,6.34,18.859
1.57,83.69,121.2,5.94,21.028
0.51,62.86,94.55,6.25,18.469
19.25,79.04,109.16,2.05,29.0
16.72,57.14,129.5,3.31,25.717
13.92,68.61,69.2,5.97,21.542
8.18,61.58,79.23,4.9,19.085
3.47,73.9,87.62,2.03,23.22
3.13,34.9,89.53,6.83,18.704
5.0,33.62,88.77,6.64,16.642
10.98,44.83,123.53,5.29,21.725
14.29,39.57,109.98,2.4,25.626
13.2,82.31,102.55,6.6,25.254
5.6,43.15,81.66,5.5,15.628
19.1,88.55,117.67,6.69,28.708
14.76,50.21,126.85,6.51,23.923
11.09,40.93,117.48,6.82,21.437
12.23,77.38,60.11,5.11,21.226
8.39,69.52,104.55,2.84,24.962
4.95,59.89,63.58,6.03,18.765
7.12,63.32,78.03,5.72,18.955
15.16,73.15,64.17,6.45,22.449
0.29,43.71,102.27,3.02,18.391
2.32,89.78,108.06,3.17,22.607
0.92,88.49,68.01,7.34,22.061
0.81,69.02,86.87,6.5,18.798
17.11,41.97,91.94,7.45,24.992
14.07,70.81,85.83,6.55,25.361
9.48,34.33,68.47,5.58,18.052
1.96,31.84,89.33,5.92,16.008
9.83,45.46,112.58,7.33,22.983
9.47,57.76,64.97,5.47,19.002
3.46,82.1,65.61,5.79,20.21
8.68,73.63,84.83,2.94,22.882
7.97,74.56,125.92,4.84,22.5
12.32,55.53,106.8,6.3,22.532
12.7,50.76,107.51,3.63,21.996
0.91,52.26,85.33,3.21,17.429
7.49,89.26,101.56,3.88,23.436
12.52,32.41,60.71,3.45,19.05
10.06,82.02,104.53,3.29,24.935
17.13,64.72,123.93,4.55,24.455
13.17,56.32,102.88,7.45,25.918
3.26,73.52,121.16,5.04,19.899
1.41,59.2,110.68,3.13,21.473
12.85,82.41,68.44,2.46,24.894
0.53,84.04,123.17,6.18,21.489
11.72,55.3,64.65,4.3,20.267
18.8,46.61,97.38,6.93,24.026
11.51,65.54,69.95,5.96,21.491
7.76,84.74,60.82,6.78,23.253
12.87,42.64,89.54,3.63,19.409
9.17,67.38,80.65,6.15,21.548
10.91,67.89,94.02,3.58,21.006
18.83,73.99,100.4,7.63,28.372
7.72,37.89,63.06,5.82,18.328
19.22,72.95,68.61,3.95,24.203
18.11,84.54,99.1,3.62,26.136
3.92,40.78,84.02,3.15,18.428
1.39,44.25,111.04,6.17,19.408
2.02,88.28,105.66,3.31,20.874
0.36,40.86,119.19,5.57,16.393
1.89,81.26,108.47,3.59,22.261
13.66,59.54,90.1,5.97,23.527
1.42,44.83,107.11,6.89,19.001
6.38,82.24,79.28,6.67,21.314
16.9,56.72,81.44,6.57,25.016
0.47,60.89,115.23,3.13,21.381
16.29,51.55,91.25,2.53,25.747
5.64,65.58,115.89,6.19,20.717
2.36,39.81,117.57,4.21,17.753
13.93,53.46,120.03,4.59,22.436
12.58,88.16,124.16,2.19,29.0
17.55,45.49,90.17,3.56,23.891
14.7,69.4,82.32,2.2,27.556
16.07,49.51,100.75,7.28,24.131
5.64,76.41,85.98,3.46,22.448
3.55,37.85,102.08,5.34,17.334
15.01,88.19,109.39,2.23,29.0
16.14,57.23,108.19,6.0,24.639
19.81,44.16,86.22,3.94,22.025
8.25,34.41,71.68,7.39,20.153
7.44,40.19,90.14,7.33,20.612
15.53,61.19,69.98,3.95,21.193
6.82,50.22,122.31,7.41,23.336
18.62,79.73,84.21,7.98,29.0
17.17,55.85,70.81,6.95,22.596
8.58,44.92,61.78,7.07,19.961
15.02,67.03,105.21,3.49,25.143
15.09,72.41,104.58,5.46,24.135
2.06,40.02,83.84,2.4,19.644
18.05,40.06,65.02,2.57,22.722
10.11,32.2,88.67,7.99,23.208
16.53,74.18,81.79,3.96,23.755
6.4,69.83,107.4,6.49,20.459
17.91,58.48,102.4,6.84,26.243
7.78,80.65,85.52,7.15,24.486
0.22,78.34,75.25,7.99,22.903
18.11,65.12,129.16,3.45,26.783
1.83,82.1,91.78,2.24,24.425
6.39,42.35,108.18,4.47,18.875
19.0,36.72,69.84,2.78,23.907
19.01,46.18,93.99,2.13,26.733
11.47,33.43,61.93,4.16,18.883
12.64,61.87,95.38,6.7,23.594
8.97,86.2,127.48,5.4,24.071
5.86,32.36,86.89,3.88,16.54
6.57,37.33,62.73,5.93,17.067
13.45,57.13,62.17,3.39,21.146
15.05,86.03,87.16,2.09,28.669
15.83,48.97,71.2,6.59,21.542
15.79,60.43,61.63,5.74,20.931
1.82,32.49,112.93,6.57,19.374
9.89,38.9,92.1,2.23,23.896
1.15,89.2,80.25,7.02,22.919
10.99,87.91,123.01,5.72,23.984
8.83,30.3,68.13,5.38,16.867
17.75,87.11,126.91,5.75,26.529
7.02,68.35,81.98,7.19,21.993
2.34,82.08,122.19,5.52,20.398
2.86,57.28,102.21,5.49,19.347
15.23,60.94,117.87,7.94,27.967
12.36,59.33,128.88,6.54,24.854
2.02,70.01,80.19,4.65,18.655
1.68,38.38,127.28,6.24,19.969
14.02,31.8,87.26,4.34,18.454
1.46,48.48,86.99,3.37,18.93
16.44,72.28,83.83,5.58,24.553
14.12,42.11,97.9,7.57,23.573
1.63,70.41,70.79,7.57,22.034
1.7,88.19,98.76,4.05,20.92
19.73,35.63,97.92,5.17,21.674
7.49,70.36,113.33,3.27,22.502
7.41,56.63,118.36,7.97,24.837
16.26,82.09,90.83,7.89,29.0
18.94,40.63,81.16,5.9,21.811
19.72,71.56,78.15,6.83,26.808
15.07,80.29,73.62,6.29,23.758
7.53,86.68,64.04,5.56,20.447
1.67,70.99,83.97,2.32,22.977
15.54,59.83,78.92,4.73,21.022
11.17,67.07,127.65,6.05,23.327
8.48,82.13,99.04,6.07,22.842
18.13,64.24,84.31,4.24,23.827
2.22,31.82,100.63,7.65,19.843
9.85,85.86,69.74,3.0,24.302
0.23,71.37,91.08,5.0,18.561
9.37,70.59,103.84,6.15,22.97
1.13,42.94,94.22,6.18,16.433
2.38,69.53,88.12,5.89,18.809
2.35,53.63,129.57,3.65,20.826
12.98,69.07,121.62,2.94,26.544
14.92,36.4,103.64,5.82,20.001
11.67,69.47,99.86,5.6,22.723
19.24,89.96,103.45,3.08,27.656
7.5,32.89,74.09,6.23,17.643
5.71,88.63,87.66,4.73,22.628
17.37,54.41,62.76,6.01,21.295
4.47,82.25,93.29,7.02,22.189
19.26,76.94,98.01,3.02,28.262
0.24,64.02,75.94,2.11,20.421
19.4,74.31,127.48,6.67,27.644
0.86,82.71,123.66,5.66,21.119
17.82,54.25,110.55,6.2,23.793
10.55,49.62,97.34,7.03,22.193
19.86,70.06,120.9,6.82,28.378
1.48,78.47,69.15,7.77,22.682
11.08,75.74,115.34,5.22,23.447
19.39,77.87,68.74,4.93,24.293
10.46,56.13,115.59,4.41,21.8
12.59,79.07,79.3,2.92,24.91
13.91,37.21,121.4,5.44,21.486
9.09,62.67,126.08,3.66,22.495
12.55,30.35,70.42,7.53,21.374
11.69,49.48,92.39,5.5,19.701
18.02,51.99,128.67,5.56,24.175
0.91,53.77,93.84,4.13,16.939
5.62,71.73,120.45,2.31,24.368
19.01,53.31,101.21,2.19,27.905
17.81,56.92,86.27,4.54,22.984
9.11,44.25,80.0,2.51,22.439
12.4,52.4,74.23,5.64,19.945
5.55,43.64,113.33,7.29,21.761
3.76,34.39,87.06,7.3,19.533
9.27,66.21,95.79,5.95,21.82
7.07,70.09,94.46,3.27,21.583
11.67,67.17,100.41,7.18,24.82
1.55,57.81,120.59,7.32,21.891
19.49,52.79,128.65,3.18,26.417
19.72,81.8,88.53,6.42,25.468
13.96,61.14,117.93,3.72,24.081
10.72,58.75,113.52,6.82,24.941
6.19,31.54,100.15,7.98,21.943
16.28,50.47,126.92,2.18,27.105
13.69,52.81,74.03,7.38,23.868
3.25,53.93,67.65,5.74,17.353
18.22,64.81,119.78,7.84,29.0
16.45,62.02,90.74,4.79,22.051
19.0,66.47,119.29,7.08,28.24
14.51,75.89,122.52,2.37,28.963
12.27,78.78,64.37,4.01,22.323
8.36,73.09,121.84,2.4,26.258
18.65,87.33,91.38,7.85,29.0
17.32,31.09,95.73,6.9,23.15
0.9,41.75,103.86,7.12,18.237
0.53,30.45,124.85,7.63,20.814
7.53,68.85,61.34,2.51,22.607
16.21,83.88,93.38,4.31,25.235
19.75,44.61,108.14,2.43,26.776
3.01,85.62,110.59,3.26,22.496
11.88,33.62,108.48,3.38,21.871
7.62,86.07,69.41,4.81,20.98
19.4,51.1,80.96,3.61,22.77
16.84,36.09,85.11,2.61,23.311
16.77,59.15,116.31,3.0,26.089
9.37,45.41,79.51,2.88,21.96
8.3,47.09,74.75,7.84,23.089
5.47,48.44,127.02,6.56,20.245
1.13,78.18,60.62,7.81,23.764
17.29,62.35,129.85,4.64,25.048
16.26,48.68,107.38,3.67,24.155
19.99,66.62,117.99,6.79,27.302
19.93,72.97,80.62,3.96,25.704
11.11,46.36,61.0,3.8,19.927
15.38,54.81,111.65,3.4,24.996
18.9,37.31,118.39,2.78,25.985
16.99,40.87,111.83,3.54,23.776
4.95,70.87,70.0,4.13,19.045
9.01,40.89,112.74,6.04,19.667
2.58,61.51,113.82,2.38,23.07
19.08,72.54,106.1,3.26,27.724
12.12,36.41,113.63,6.85,21.847
4.57,64.04,119.21,2.88,23.359
13.43,45.39,102.95,4.06,22.401
12.36,87.78,66.2,7.19,24.769
7.16,59.01,94.13,2.93,21.392
2.27,78.36,65.44,2.5,21.657
13.43,63.01,88.53,4.91,22.094
10.41,32.6,88.5,3.81,18.644
15.45,67.99,64.62,5.38,23.085
10.4,87.08,84.42,6.82,24.851
17.04,66.1,67.77,2.82,25.201
11.04,79.15,116.58,5.48,22.688
11.22,83.05,126.34,5.03,23.435
17.53,43.68,65.06,2.86,23.259
8.07,42.72,126.86,5.74,18.694
2.68,66.66,96.58,3.64,20.515
0.58,54.66,80.97,4.93,16.423
15.1,80.39,65.38,2.49,28.813
12.41,84.0,95.04,4.76,25.266
14.08,51.21,115.62,3.84,22.744
4.26,44.21,109.5,6.93,20.06
2.73,76.83,63.52,2.34,22.859
0.29,46.49,65.1,4.51,16.509
7.01,79.36,88.2,4.75,19.887
11.8,55.42,80.67,6.35,20.093
7.84,70.05,76.27,5.45,19.725
8.75,35.73,79.67,6.0,18.591
18.08,67.43,116.24,6.66,26.857
6.97,57.11,125.05,7.17,23.979
10.28,65.2,88.36,3.88,20.819
15.67,40.08,123.43,5.23,20.367
7.93,74.21,82.5,7.04,23.566
12.44,81.77,93.35,7.94,27.531
17.25,43.0,75.82,7.34,22.42
18.99,35.74,104.83,4.23,22.299
2.94,31.42,128.53,3.17,19.809
18.53,68.52,102.24,4.94,24.604
9.84,66.43,85.05,6.45,21.629
5.16,62.8,105.35,4.96,19.584
9.18,43.92,68.6,4.9,17.759
19.6,53.45,122.21,7.03,25.755
9.85,65.67,95.22,4.17,21.019
6.58,59.81,91.45,7.16,22.306
12.67,89.27,101.01,4.44,24.81
4.8,38.19,103.73,3.97,18.243
1.52,71.71,65.02,4.72,16.858
2.58,54.26,107.78,6.57,19.479
2.56,55.69,76.94,2.76,18.36
3.04,73.06,109.98,3.18,21.901
2.78,71.55,117.58,7.71,25.081
12.82,89.48,116.28,3.05,26.151
3.64,37.7,98.68,5.41,16.611
6.91,36.25,96.41,5.48,18.116
17.94,73.46,70.0,4.94,24.528
9.48,64.7,114.27,5.87,21.792
13.35,46.45,79.0,3.38,20.963
3.45,34.77,94.77,5.32,15.16
3.85,35.14,79.9,4.23,16.439
0.82,83.65,69.37,5.97,20.293
3.38,41.51,104.07,2.85,20.105
5.57,49.4,63.8,5.43,17.177
3.54,43.6,112.41,3.11,20.099
1.77,51.3,82.23,3.67,17.687
2.41,34.17,60.01,3.31,15.718
9.22,61.14,95.78,3.1,23.129
4.13,34.06,63.28,6.95,17.64
7.29,78.02,79.33,3.71,21.555
10.07,44.02,109.49,7.56,22.873
13.81,62.4,64.39,7.82,26.268
0.79,82.8,118.75,5.43,20.812
15.99,69.05,60.27,2.86,24.307
12.56,61.98,77.28,4.25,22.047
1.64,49.46,111.86,6.79,19.13
17.47,49.98,82.14,4.2,21.6
18.42,70.17,67.13,2.52,26.242
1.22,89.65,85.22,5.34,18.408
5.54,69.71,78.93,7.07,22.01
16.12,63.47,118.99,6.78,24.51
14.97,73.84,81.93,3.05,24.34
3.69,57.91,115.23,6.04,18.338
4.19,33.61,122.43,3.32,19.217
7.41,63.74,90.37,3.31,21.409
9.69,87.46,123.7,7.24,26.61
12.37,40.52,86.41,3.5,19.97
7.38,71.4,127.49,3.58,22.336
9.25,42.06,66.25,2.0,23.046
14.95,62.15,108.09,7.22,25.435
0.73,35.8,94.57,6.76,17.616
5.05,57.02,87.14,5.76,18.165
14.27,75.37,104.29,6.5,25.261
17.9,50.85,109.27,2.91,26.418
10.23,69.89,60.31,4.75,20.68
10.64,77.73,71.69,4.11,21.654
2.14,85.63,109.91,2.56,24.05
8.95,44.08,106.65,4.92,19.307
10.65,53.96,127.62,7.52,25.22
4.85,39.14,113.27,2.24,21.975
5.38,89.55,126.55,3.75,23.514
7.55,85.62,109.18,3.25,24.389
0.4,62.4,80.86,3.43,17.714
6.44,80.52,67.38,7.45,22.648
4.23,61.26,114.73,4.81,18.675
6.55,67.42,105.09,4.8,19.438
2.4,35.35,63.37,6.56,15.434
17.81,75.32,85.2,2.93,26.86
11.87,37.66,126.98,4.92,20.053
13.58,79.56,95.03,4.58,24.109
15.78,76.92,90.29,5.58,24.224
9.97,72.52,92.04,8.0,25.198
1.74,32.17,74.62,6.62,16.836
10.74,48.19,85.81,4.39,20.346
11.74,45.79,85.89,6.97,21.122
14.91,51.61,63.66,3.02,22.802
8.63,35.26,113.73,2.18,22.681
2.55,86.22,89.16,3.23,21.765
5.68,63.23,117.55,4.04,20.011
7.26,48.33,119.52,5.06,18.537
12.92,53.82,74.84,5.69,20.337
11.42,56.83,106.01,7.46,24.6
7.12,66.04,93.06,5.06,19.863
19.73,60.94,121.61,5.01,24.333
12.12,85.16,75.1,2.3,26.541
4.74,59.82,107.45,2.21,23.868
2.04,89.53,102.54,5.31,20.589
3.06,81.09,80.67,4.63,19.616
4.92,42.51,69.56,7.04,18.366
3.21,85.84,105.61,2.96,23.938
3.73,36.98,111.7,2.15,21.069
5.7,79.05,82.09,4.69,20.652
3.47,52.84,105.14,3.42,20.514
17.94,82.68,87.66,2.3,29.0
1.6,82.08,109.92,6.35,20.991
10.49,78.36,73.95,2.67,24.211
8.21,77.4,122.32,5.65,23.589
19.65,48.28,80.12,3.69,22.229
2.24,34.86,85.75,3.04,17.181
7.96,54.18,64.07,4.28,18.293
19.39,40.41,67.81,6.81,23.621
17.31,71.7,96.11,4.35,24.806
16.34,50.77,78.73,6.5,21.929
5.16,88.54,118.48,2.75,24.84
3.42,68.46,61.03,6.64,18.81
13.37,79.35,86.54,3.42,24.092
18.59,37.95,83.61,6.06,22.409
11.14,81.72,61.35,5.39,20.736
11.43,85.37,68.71,7.57,27.1
5.6,59.22,88.95,4.32,19.731
15.39,66.38,94.5,2.4,27.579
3.74,75.89,88.3,2.11,23.809
6.47,40.49,97.17,6.96,20.009
8.51,60.15,101.66,5.15,19.481
10.15,53.92,60.69,6.65,19.995
4.85,38.78,92.49,3.41,18.896
2.3,52.05,127.44,4.07,20.147
12.21,34.09,96.33,2.18,22.843
5.77,31.55,107.43,7.77,21.423
11.62,38.11,81.83,6.01,19.281
3.09,87.79,114.18,7.6,24.025
9.62,62.97,114.1,3.59,23.09
10.65,87.95,96.49,5.67,23.114
1.04,55.95,128.32,6.07,19.171
6.73,48.71,68.79,3.91,17.96
2.69,60.37,61.19,7.09,18.737
1.27,56.37,113.91,7.68,22.165
19.8,36.34,116.5,7.31,25.431
6.45,68.45,68.41,6.43,19.988
16.2,42.96,78.59,3.66,21.068
5.09,67.18,61.23,3.69,19.423
13.63,69.01,80.53,7.78,27.563
15.2,39.12,114.12,2.06,26.197
11.91,33.68,96.26,6.3,20.735
9.43,76.85,84.37,6.24,21.373
8.24,57.59,86.02,5.74,19.949
6.98,33.49,60.09,7.94,20.091
18.59,89.69,80.99,3.87,25.506
16.61,33.47,105.25,4.04,20.917
19.3,71.7,128.19,2.47,29.0
2.49,89.02,119.29,4.66,22.095
14.62,44.35,61.65,3.57,20.834
18.77,38.53,122.9,4.06,22.197
3.62,37.28,114.82,7.01,19.618
1.33,48.2,114.63,7.61,21.602
14.82,36.06,92.06,3.11,22.15
11.49,71.53,87.86,4.24,20.949
16.84,33.74,81.2,7.57,23.075
2.8,60.57,64.6,2.37,20.835
15.91,89.8,75.98,2.55,28.322
4.03,78.84,77.26,2.98,20.165
3.27,66.91,93.89,5.57,18.975
3.29,48.38,112.32,2.9,20.719
16.29,67.43,93.17,7.81,28.377
13.3,61.62,64.05,4.68,21.27
10.46,55.57,127.05,5.01,22.167
7.18,37.84,125.99,3.48,19.87
17.54,83.2,114.96,4.83,24.891
7.85,56.99,129.39,5.97,21.339
16.33,41.68,98.11,6.51,23.254
8.78,52.07,127.39,6.52,23.169
7.54,54.85,65.29,5.47,18.867
9.25,79.65,85.6,7.43,25.264
6.03,74.02,75.78,6.9,21.977
14.95,76.16,73.71,6.54,23.905
10.05,30.66,69.86,2.33,21.037
4.64,54.97,103.57,2.04,24.804
17.99,58.88,114.69,3.27,25.078
7.68,31.15,100.48,5.98,19.404
10.87,45.59,70.29,4.47,18.701
18.13,75.62,116.78,4.41,26.906
12.48,38.23,104.52,7.31,21.964
2.34,62.12,87.17,7.37,21.454
18.8,42.91,107.19,7.46,25.375
12.55,30.73,78.19,3.88,18.028
6.7,44.47,84.16,6.15,18.751
2.79,88.55,124.22,3.63,23.376
15.88,78.09,80.34,3.14,25.061
12.4,87.57,92.9,3.11,24.762
10.67,59.27,122.31,4.05,22.387
17.88,36.58,109.54,4.58,21.821
15.77,62.88,64.35,6.99,24.25
3.03,57.26,70.31,2.72,20.656
6.23,80.66,60.55,6.41,20.771
4.97,35.88,104.16,5.19,18.746
14.88,59.29,91.34,3.73,23.196
0.67,39.0,69.4,4.96,14.674
11.4,49.48,127.06,3.8,21.213
15.25,74.24,97.08,5.58,23.852
17.54,58.56,76.93,4.6,22.257
6.84,52.55,95.04,2.99,21.921
16.43,53.67,107.57,2.7,26.043
2.21,57.57,65.34,5.28,15.896
16.93,77.1,79.23,7.41,27.324
2.55,83.53,116.49,4.06,21.803
7.95,87.32,92.18,6.4,24.299
15.95,77.21,98.26,5.95,25.537
3.0,48.92,90.3,7.59,21.488
4.59,71.29,63.07,6.93,20.562
14.45,56.26,71.6,5.4,21.3
14.4,45.28,91.19,5.94,22.091
12.82,80.45,74.64,7.39,24.851
13.88,32.31,63.5,4.4,18.253
10.85,84.11,119.06,3.96,24.076
5.04,57.69,128.68,2.06,25.178
6.91,68.23,115.52,6.96,24.118
3.63,69.56,119.76,6.81,21.653
18.17,83.71,76.94,2.63,26.388
11.67,68.2,127.24,5.46,23.096
8.02,66.84,73.78,4.78,20.41
9.24,34.0,126.6,2.71,22.77
18.95,61.1,129.64,7.88,29.0
3.07,39.01,109.82,3.29,18.713
11.72,74.25,128.68,2.4,26.682
10.12,60.73,99.87,5.57,21.536
12.23,70.81,78.17,6.43,22.274
0.36,32.5,90.59,2.19,21.032
17.44,35.09,101.55,5.95,22.088
18.64,72.98,65.12,5.19,23.273
11.3,34.33,103.56,2.62,21.958
13.93,34.28,128.68,3.04,23.155
18.45,30.73,73.31,5.41,19.894
14.14,87.39,115.48,3.78,26.973
3.05,74.25,123.55,7.63,24.526
11.53,51.2,126.06,6.91,23.199
12.13,47.79,127.21,7.9,27.604
8.48,50.98,96.5,3.56,20.669
14.73,76.48,128.41,7.82,29.0
18.69,69.68,113.01,4.59,24.949
18.51,41.11,71.32,4.09,21.595
9.02,40.45,93.38,2.3,22.879
2.26,35.9,110.28,2.32,19.457
19.7,69.62,77.31,6.15,26.341
16.78,75.86,104.84,4.75,25.793
2.49,45.9,106.66,3.36,18.725
18.42,31.26,71.39,5.68,19.418
17.4,34.93,99.56,3.52,22.534
10.38,88.07,114.01,5.47,24.165
11.83,47.73,94.92,4.16,20.893
7.98,76.15,60.85,6.94,22.194
1.1,67.48,60.63,6.92,19.258
6.7,52.92,84.99,4.86,19.624
16.06,42.34,124.83,4.1,23.183
0.09,37.28,76.01,4.18,14.505
6.67,66.9,104.41,6.83,23.312
7.96,76.48,75.55,3.97,22.329
10.75,68.63,82.52,3.25,25.078
18.4,61.82,119.36,2.51,27.328
6.93,32.52,111.02,4.8,18.236
6.94,88.11,66.68,4.89,19.379
14.75,77.92,90.01,7.05,26.412
9.04,47.57,62.04,3.33,19.167
4.49,88.8,93.66,4.29,22.69
9.05,66.11,106.37,6.85,22.686
2.82,64.95,68.3,6.94,18.466
3.53,74.88,80.22,4.31,19.011
9.97,78.71,87.85,4.75,20.642
8.38,69.39,124.37,3.82,23.398
18.3,37.69,129.53,7.6,25.079
7.25,50.3,63.14,2.71,20.591
11.61,85.69,113.27,7.6,26.474
12.65,43.48,86.02,6.1,20.237
0.26,52.33,87.47,5.19,17.681
13.27,55.92,112.8,2.2,26.741
3.56,56.36,124.29,4.85,18.804
19.22,66.78,126.57,4.45,25.883
2.97,86.58,100.4,2.97,22.885
8.29,44.44,85.0,5.94,19.239
1.71,37.29,115.13,7.83,20.382
19.94,41.85,77.57,5.37,22.15
10.04,83.22,99.49,6.29,21.889
11.91,68.75,85.1,2.41,24.959
1.34,47.15,105.96,4.51,17.006
15.0,78.96,76.83,2.7,26.736
4.2,81.68,73.41,5.68,19.849
17.96,80.79,124.28,7.63,29.0
4.1,85.14,67.13,5.97,19.397
3.81,45.13,95.42,2.46,21.127
0.73,75.3,75.46,4.13,18.289
9.44,57.63,62.73,5.3,18.665
11.3,80.52,62.52,4.42,21.461
1.31,73.71,72.27,7.0,20.575
15.51,76.59,120.67,6.89,26.7
9.07,69.37,79.77,5.67,20.747
10.49,40.65,126.53,4.24,22.309
8.82,62.7,100.71,3.53,20.941
8.02,89.08,90.56,2.64,24.041
11.19,86.24,100.61,4.13,24.557
3.1,32.59,96.17,4.48,15.936
3.64,39.89,113.11,6.05,18.07
17.24,37.9,79.77,5.95,20.462
18.92,73.56,84.71,2.42,28.073
7.47,79.07,122.59,4.37,23.851
5.41,42.81,126.25,3.09,21.575
12.88,60.35,122.48,2.94,25.745
8.17,80.44,89.36,6.96,22.684
0.51,73.97,114.63,2.25,22.661
3.12,62.53,93.34,4.52,16.636
14.32,65.42,94.83,3.01,24.259
13.18,60.5,74.33,7.28,24.517
0.54,47.85,101.38,5.34,17.248
4.44,63.9,73.03,3.39,19.514
4.62,71.33,83.21,5.01,19.287
13.44,82.4,119.85,6.39,25.423
0.39,68.18,74.5,7.75,21.529
2.08,75.67,64.98,3.32,20.098
16.0,39.6,64.83,7.32,21.498
3.57,57.69,125.85,7.61,23.512
13.05,30.56,95.48,7.5,23.252
4.76,44.8,88.66,5.81,17.526
1.99,73.59,116.76,5.78,20.717
4.86,89.51,118.51,4.42,24.406
14.45,35.95,83.25,6.51,20.779
17.11,54.09,108.55,5.19,23.411
16.6,78.0,113.98,6.06,25.461
7.94,42.24,105.83,4.57,19.189
13.36,63.31,70.61,6.39,22.543
4.1,73.98,121.31,6.95,23.073
5.86,66.96,97.74,2.88,21.727
17.93,41.28,79.77,7.0,23.386
0.26,51.32,89.77,5.24,17.582
1.71,77.03,62.63,7.07,20.559
4.16,63.25,68.95,4.59,18.696
0.53,30.31,113.59,4.27,16.106
3.63,75.66,60.0,7.49,22.301
11.66,32.12,89.16,3.51,20.036
8.43,74.74,96.58,7.07,23.139
17.85,42.15,63.82,4.9,20.694
16.35,87.48,128.12,5.08,26.004
6.84,52.08,75.83,3.85,18.492
5.19,49.62,81.29,5.44,17.921
7.59,38.93,81.28,3.95,18.406
11.81,48.34,76.13,2.24,22.917
5.36,82.6,60.1,3.63,21.31
12.48,89.78,111.05,2.04,29.0
8.19,52.1,127.68,7.87,24.771
11.04,56.92,75.7,7.79,23.235
8.72,73.32,106.41,4.37,21.954
5.89,83.17,111.93,6.37,22.574
18.97,65.58,119.39,4.07,25.8
15.27,53.49,89.58,6.03,22.014
2.8,54.76,81.21,6.83,17.735
17.37,71.74,82.77,7.68,27.481
9.75,30.19,109.88,4.4,18.667
17.89,67.18,117.17,6.7,26.969
16.0,51.33,72.71,3.6,21.655
8.5,77.65,85.97,7.94,27.24
0.45,35.58,123.14,2.15,19.85
5.37,65.29,116.47,5.62,21.541
10.83,58.86,128.94,5.96,22.589
12.67,68.54,112.8,6.13,24.37
5.16,33.89,87.52,2.72,19.571
2.79,64.8,101.34,7.63,23.48
16.7,63.69,106.27,3.09,25.508
19.69,63.64,65.49,5.74,22.688
10.51,66.21,98.11,3.34,24.047
3.43,70.59,109.65,3.84,20.54
5.45,78.3,71.71,5.28,19.89
0.37,46.19,114.64,4.5,18.17
18.29,79.5,100.86,2.96,27.135
2.36,59.9,126.66,3.03,21.92
11.53,34.62,62.97,4.51,17.463
5.48,33.51,78.57,6.54,17.593
11.08,50.05,102.11,7.39,23.683
13.03,77.09,80.76,2.5,25.039
16.59,72.46,110.01,4.36,24.365
4.13,77.32,113.13,2.6,24.909
0.22,61.04,67.18,2.1,21.587
2.74,56.41,95.97,5.97,18.465
18.0,38.85,95.62,5.61,21.856
17.48,49.69,85.85,2.98,23.966
11.95,56.04,125.3,3.4,24.583
12.01,35.32,117.93,2.14,24.504
13.3,43.24,108.8,7.01,23.278
3.51,65.89,110.0,7.85,24.819
18.29,74.14,92.32,2.81,26.817
8.38,89.9,124.47,3.39,26.338
7.66,85.99,108.62,7.21,24.214
10.38,68.55,111.03,7.56,26.942
0.94,55.27,120.32,4.52,18.14
3.33,68.17,79.19,2.3,22.267
14.76,77.14,116.49,2.24,27.595
1.66,37.1,73.67,5.44,15.044
12.06,54.59,84.17,4.36,19.997
4.91,80.39,83.49,2.17,24.111
7.79,53.03,128.5,5.5,20.751
5.77,64.31,119.96,2.07,26.009
7.11,65.27,109.08,6.72,22.495
14.38,41.07,110.89,3.84,22.09
5.94,51.73,99.35,2.24,22.243
11.33,50.07,126.3,5.53,21.084
9.52,31.57,94.74,4.39,19.59
13.27,31.45,86.64,7.84,22.889
18.74,79.9,71.41,5.27,25.79
14.65,46.38,115.03,3.65,22.692
4.3,61.08,111.41,6.26,20.374
0.62,47.92,86.9,3.63,18.058
5.25,86.44,61.76,7.43,24.002
11.9,45.56,118.73,4.25,21.274
1.03,55.78,60.8,5.3,15.738
9.93,82.36,109.26,2.3,27.105
11.94,80.52,127.92,4.56,24.803
6.68,41.17,90.64,6.99,20.671
15.42,78.16,76.45,6.83,25.295
2.13,57.49,109.34,3.35,20.343
1.5,58.98,117.2,3.36,21.253
14.56,38.01,98.25,6.9,22.673
9.91,34.84,127.69,7.58,23.726
13.77,73.68,63.62,2.57,24.119
8.7,59.79,95.34,4.7,18.46
4.93,56.21,110.29,4.02,20.079
16.38,73.77,120.38,7.22,27.798
15.99,75.93,72.55,2.5,26.361
13.89,39.53,116.0,3.27,22.867
5.44,66.61,98.69,6.51,21.05
11.8,38.12,87.76,2.31,23.901
7.22,75.08,69.22,4.96,20.025
1.83,69.42,120.57,4.65,19.213
18.35,87.4,71.01,4.01,26.372
2.74,34.14,81.69,4.37,15.755
19.0,33.42,80.3,5.18,21.062
8.92,46.93,121.0,2.97,22.212
